Title,Price
"Al Helio 1, Al Helio, Ajman","470,000 AED"
"Al Bustan, Ajman","650,000 AED"
"Amaranta, Villanova, Dubai Land, Dubai","670,000 AED"
"Erica 1, Ajman Uptown Villas, Ajman Uptown, Ajman","700,000 AED"
"Erica, Ajman Uptown Villas, Ajman Uptown, Ajman","700,000 AED"
"Arabella Townhouses 1, Arabella Townhouses, Mudon, Dubai","749,999 AED"
"Begonia, Ajman Uptown Villas, Ajman Uptown, Ajman","800,000 AED"
"Mimosa, Akoya Oxygen, Dubai","880,000 AED"
"Akoya Oxygen, Dubai","900,000 AED"
"Akoya Oxygen, Dubai","940,000 AED"
"Akoya Oxygen, Dubai","940,000 AED"
"Dubai Land, Dubai","940,600 AED"
"Erica 1, Ajman Uptown Villas, Ajman Uptown, Ajman","945,000 AED"
"Erica, Ajman Uptown Villas, Ajman Uptown, Ajman","945,000 AED"
"Erica 1, Ajman Uptown Villas, Ajman Uptown, Ajman","945,000 AED"
"Erica, Ajman Uptown Villas, Ajman Uptown, Ajman","945,000 AED"
"Erica, Ajman Uptown Villas, Ajman Uptown, Ajman","945,000 AED"
"Erica 1, Ajman Uptown Villas, Ajman Uptown, Ajman","945,000 AED"
"Erica, Ajman Uptown Villas, Ajman Uptown, Ajman","945,000 AED"
"Sahara Villas, Avencia, Akoya Oxygen, Dubai","949,000 AED"
"Aknan Villas, Victoria, Akoya Oxygen, Dubai","949,999 AED"
"Camellia, Ajman Uptown Villas, Ajman Uptown, Ajman","950,000 AED"
"Hajar Stone Villas, Victoria, Akoya Oxygen, Dubai","950,000 AED"
"Aknan Villas, Vardon, Akoya Oxygen, Dubai","950,000 AED"
"Albizia, Akoya Oxygen, Dubai","950,000 AED"
,
